{"cameraMode":{"drawMode":0,"name":"Shaded","section":"Shading Mode"},"sceneLighting":true,"audioPlay":false,"sceneViewState":{"m_AlwaysRefresh":false,"showFog":true,"showSkybox":true,"showFlares":true,"showImageEffects":true,"showParticleSystems":true,"showVisualEffectGraphs":true,"m_FxEnabled":true},"in2DMode":false,"pivot":{"x":-2.4351091384887697,"y":2.303776741027832,"z":-2.3789114952087404},"rotation":{"x":0.1275465041399002,"y":-0.4158904254436493,"z":0.059007689356803897,"w":0.8985051512718201},"size":18.018877029418947,"orthographic":true}