{"cameraMode":{"drawMode":0,"name":"Shaded","section":"Shading Mode"},"sceneLighting":true,"audioPlay":false,"sceneViewState":{"m_AlwaysRefresh":false,"showFog":true,"showSkybox":true,"showFlares":true,"showImageEffects":true,"showParticleSystems":true,"showVisualEffectGraphs":true,"m_FxEnabled":true},"in2DMode":false,"pivot":{"x":336.02508544921877,"y":164.43946838378907,"z":-92.94308471679688},"rotation":{"x":-0.0014989988412708045,"y":0.03149435296654701,"z":0.00004633079151972197,"w":0.9995062947273254},"size":173.52305603027345,"orthographic":true}